"predict","No","Yes"
"No",0.9515222449329449,0.04847775506705508
"No",0.964497586918295,0.035502413081704993
"Yes",0.5931133908907404,0.4068866091092596
"No",0.8467440015300651,0.15325599846993487
"Yes",0.5049912151243872,0.49500878487561284
"Yes",0.23436359654362604,0.765636403456374
"Yes",0.49124015253994124,0.5087598474600588
"Yes",0.7192804065240033,0.2807195934759967
"No",0.9666157503182745,0.03338424968172544
"Yes",0.43308252057012475,0.5669174794298752
"Yes",0.4186175469297023,0.5813824530702977
"No",0.8994259402304183,0.10057405976958161
"Yes",0.48137378425098276,0.5186262157490172
"No",0.8558448172769089,0.14415518272309116
"Yes",0.44884194712161585,0.5511580528783842
"Yes",0.2869070355260652,0.7130929644739348
"No",0.779152246234267,0.2208477537657329
"Yes",0.6445718932701886,0.3554281067298114
"No",0.9802076006328378,0.019792399367162126
"Yes",0.7496446252151905,0.25035537478480946
"No",0.9832876278344193,0.016712372165580757
"Yes",0.6319401706151299,0.36805982938487014
"Yes",0.7396740546201566,0.26032594537984344
"No",0.8374802294729538,0.16251977052704625
"Yes",0.6951007500331191,0.3048992499668809
"No",0.868316801619508,0.131683198380492
"Yes",0.40700937531820713,0.5929906246817929
"No",0.9679250964923221,0.03207490350767798
"Yes",0.679611652890213,0.32038834710978703
"Yes",0.22081506422361463,0.7791849357763854
"No",0.9704116649257287,0.029588335074271242
"No",0.9296854892634612,0.07031451073653879
"No",0.9854264386944812,0.014573561305518835
"No",0.9769090246673534,0.02309097533264656
"Yes",0.21090040960848178,0.7890995903915182
"Yes",0.30031485054889295,0.699685149451107
"Yes",0.44533035921898123,0.5546696407810188
"No",0.9300929584717976,0.06990704152820235
"No",0.9350960139559104,0.0649039860440896
"No",0.913239660883832,0.08676033911616793
"Yes",0.31808103757592676,0.6819189624240732
"Yes",0.4216848996616679,0.5783151003383321
"Yes",0.33754376283909193,0.6624562371609081
"No",0.8777106557185339,0.12228934428146611
"Yes",0.7068710135717441,0.2931289864282559
"No",0.8907182629378358,0.10928173706216417
"No",0.8229798644955797,0.17702013550442025
"Yes",0.627901954143314,0.3720980458566861
"Yes",0.38991731502113824,0.6100826849788618
"Yes",0.65430401013603,0.34569598986397004
"Yes",0.6226495279829823,0.37735047201701766
"No",0.9210857068178956,0.07891429318210444
"No",0.8149788775840309,0.18502112241596913
"Yes",0.5126263149058264,0.48737368509417356
"Yes",0.12938461134056933,0.8706153886594307
"Yes",0.3289960411700449,0.6710039588299551
"Yes",0.6172269117684783,0.3827730882315217
"Yes",0.23563290773181422,0.7643670922681858
"No",0.9704116649257287,0.029588335074271242
"No",0.9715585220197288,0.02844147798027124
"Yes",0.5756761638935002,0.42432383610649976
"No",0.9771473142660948,0.022852685733905174
"No",0.863960334163904,0.13603966583609592
"No",0.9622047385654048,0.037795261434595176
"Yes",0.66688406851854,0.33311593148146007
"Yes",0.7480303174485443,0.25196968255145563
"Yes",0.6202721457532948,0.3797278542467052
"No",0.7725204168663413,0.2274795831336587
"Yes",0.4433768078455653,0.5566231921544347
"No",0.9016544996894287,0.09834550031057138
"Yes",0.24885115169838035,0.7511488483016197
"No",0.846212185699018,0.15378781430098196
"Yes",0.16124912804122649,0.8387508719587735
"No",0.9197636716669829,0.08023632833301711
"Yes",0.5627354714136986,0.4372645285863014
"No",0.7630343177837655,0.23696568221623449
"Yes",0.40028523413751815,0.5997147658624818
"Yes",0.7327499804921103,0.2672500195078897
"Yes",0.682137367233264,0.31786263276673604
"Yes",0.4159645544713124,0.5840354455286876
"No",0.8698873949518684,0.1301126050481316
"No",0.9844624556004069,0.015537544399593055
"No",0.97853813997827,0.02146186002172998
"No",0.8096767847868128,0.19032321521318715
"Yes",0.6084483027429017,0.39155169725709826
"No",0.9187851966202704,0.08121480337972968
"No",0.9207059357600174,0.0792940642399826
"Yes",0.4345994508991008,0.5654005491008992
"Yes",0.7393404988748538,0.2606595011251462
"No",0.7828335093087974,0.21716649069120267
"No",0.975169159684057,0.02483084031594292
"No",0.8582815820060614,0.14171841799393858
"No",0.7790101631626142,0.22098983683738582
"Yes",0.41538975372273523,0.5846102462772648
"No",0.9600521040322332,0.039947895967766774
"Yes",0.46994315541630705,0.530056844583693
"No",0.9551658564877908,0.04483414351220917
"No",0.908025798913766,0.09197420108623404
"No",0.9718819705495102,0.0281180294504898
"No",0.9514125581160852,0.0485874418839148
"No",0.9862537912204515,0.013746208779548436
"Yes",0.6046150950313263,0.3953849049686738
"No",0.9041814055177193,0.09581859448228075
"Yes",0.7006715308274496,0.29932846917255046
"No",0.9530623535918465,0.0469376464081535
"Yes",0.3244684124008552,0.6755315875991448
"No",0.9100176239876187,0.08998237601238135
"No",0.8724859142838561,0.1275140857161439
"No",0.9525464604086442,0.04745353959135581
"Yes",0.4260658576118215,0.5739341423881785
"No",0.9753842460302002,0.024615753969799745
"No",0.9770229072915152,0.02297709270848477
"No",0.9460324195929403,0.05396758040705972
"Yes",0.7112086148198206,0.28879138518017944
"No",0.9760791546214431,0.023920845378556845
"Yes",0.5535748713914066,0.44642512860859335
"Yes",0.34450559570070904,0.655494404299291
"Yes",0.6736285238522036,0.3263714761477964
"No",0.9605164028886043,0.039483597111395694
"Yes",0.3459225661105425,0.6540774338894575
"Yes",0.4550208615470819,0.5449791384529181
"No",0.8628979373833123,0.13710206261668767
"No",0.9565602687993083,0.043439731200691695
"Yes",0.33504297364177205,0.664957026358228
"No",0.889406455809325,0.11059354419067506
"Yes",0.6674781792673985,0.3325218207326015
"Yes",0.499843966447034,0.500156033552966
"No",0.976018070257626,0.02398192974237402
"No",0.9589059650256562,0.04109403497434385
"No",0.9231427127155776,0.0768572872844224
"No",0.9662072903858773,0.033792709614122736
"Yes",0.6812589404711733,0.3187410595288267
"Yes",0.5733311233364164,0.42666887666358355
"Yes",0.30585884589262036,0.6941411541073796
"No",0.974775680097608,0.02522431990239205
"No",0.9725777269897119,0.027422273010288108
"Yes",0.4583030503537342,0.5416969496462658
"No",0.9865602144250311,0.013439785574968983
"Yes",0.5523556840934395,0.4476443159065605
"No",0.9481516467659141,0.0518483532340859
"Yes",0.5120650828151512,0.4879349171848489
"Yes",0.7419157824283982,0.25808421757160177
"Yes",0.35146231735466416,0.6485376826453358
"No",0.8913438485103775,0.10865615148962249
"Yes",0.5699483031773709,0.4300516968226291
"No",0.9844624556004069,0.015537544399593055
"No",0.8993196159559342,0.10068038404406582
"Yes",0.1405983428086297,0.8594016571913703
"No",0.9819264110388156,0.018073588961184366
"Yes",0.45786497514077973,0.5421350248592203
"No",0.9332491403866845,0.06675085961331549
"Yes",0.40255651137233084,0.5974434886276692
"No",0.9767189325088524,0.023281067491147583
"No",0.872503510918446,0.12749648908155392
"No",0.9658122816695535,0.03418771833044658
"No",0.8886963484923921,0.11130365150760788
"No",0.9579013936052276,0.04209860639477234
"Yes",0.5154762486660593,0.4845237513339406
"Yes",0.5045696651404725,0.4954303348595274
"No",0.9529757276202849,0.04702427237971503
"No",0.8898155187896988,0.11018448121030125
"Yes",0.5084337017148539,0.4915662982851461
"Yes",0.5197177135816262,0.4802822864183738
"No",0.8796515030868137,0.12034849691318628
"No",0.9839550192234973,0.01604498077650278
"No",0.7570812933314155,0.24291870666858445
"No",0.9187667481652613,0.08123325183473867
"Yes",0.44787812418202744,0.5521218758179726
"No",0.8846606592542346,0.11533934074576532
"Yes",0.33460558847157373,0.6653944115284263
"No",0.9343893481511826,0.06561065184881738
"Yes",0.7450466816663647,0.2549533183336353
"Yes",0.417596396538536,0.582403603461464
"Yes",0.4254642684227522,0.5745357315772478
"No",0.9534925647576782,0.04650743524232181
"No",0.8156600988779993,0.1843399011220007
"No",0.9600501718189527,0.03994982818104735
"No",0.8928224129781573,0.10717758702184266
"No",0.7690629188660372,0.2309370811339628
"Yes",0.14604852410930724,0.8539514758906928
"Yes",0.32813928008019977,0.6718607199198002
"Yes",0.5190558135163805,0.4809441864836195
"No",0.9857053653333663,0.014294634666633688
"No",0.7708729776698034,0.22912702233019655
"Yes",0.43627501496330834,0.5637249850366917
"Yes",0.670930772099282,0.329069227900718
"Yes",0.7034993366118947,0.2965006633881054
"No",0.9852463220112625,0.014753677988737477
"Yes",0.6673241298163061,0.33267587018369393
"Yes",0.6360443286221547,0.3639556713778453
"Yes",0.6987879015647455,0.30121209843525454
"Yes",0.6657659234232984,0.3342340765767015
"No",0.9731685424811112,0.02683145751888881
"Yes",0.6761231734049721,0.3238768265950279
"Yes",0.5695478211238052,0.43045217887619486
"Yes",0.23232912615107204,0.767670873848928
"No",0.9749927362224435,0.02500726377755643
"No",0.9150763596974026,0.08492364030259739
"Yes",0.15995243180747087,0.8400475681925291
"Yes",0.4645349681515816,0.5354650318484184
"Yes",0.545287459478939,0.45471254052106097
"No",0.9746729942376944,0.025327005762305635
"No",0.9649315771068525,0.03506842289314754
"No",0.8744230880187835,0.12557691198121643
"Yes",0.7005487256306351,0.2994512743693649
"Yes",0.36425206509313013,0.6357479349068699
"No",0.8015312380388978,0.19846876196110216
"Yes",0.4157448122669689,0.5842551877330311
"No",0.8887426192325762,0.11125738076742381
"Yes",0.719272213711517,0.28072778628848305
"No",0.8302108860772268,0.16978911392277315
"No",0.9057720742262024,0.09422792577379761
"No",0.8107175846681411,0.18928241533185883
"No",0.974775680097608,0.02522431990239205
"No",0.7886303301024195,0.21136966989758058
"Yes",0.25883230698803983,0.7411676930119602
"No",0.9862977788714081,0.013702221128591837
"No",0.867875651926272,0.13212434807372803
"No",0.8017487038992654,0.19825129610073455
"No",0.9408939202680388,0.05910607973196123
"No",0.8568291064447503,0.14317089355524967
"No",0.9862646123243799,0.013735387675620115
"No",0.8924274217181993,0.10757257828180072
"No",0.9220510270804045,0.07794897291959552
"No",0.9715749182969114,0.028425081703088516
"No",0.8439945188596899,0.15600548114031013
"No",0.9835511012266237,0.016448898773376304
"No",0.954229576827042,0.04577042317295803
"No",0.9463724968822421,0.05362750311775791
"No",0.9822529057968614,0.017747094203138622
"No",0.9263286919669419,0.07367130803305812
"Yes",0.31963568344039084,0.6803643165596092
"Yes",0.729079038791683,0.270920961208317
"Yes",0.5821926104045094,0.41780738959549063
"No",0.9439499119975862,0.056050088002413886
"No",0.9698416879989343,0.030158312001065717
"No",0.9616394835851426,0.038360516414857396
"No",0.9519533624210649,0.04804663757893515
"Yes",0.7026203215179443,0.29737967848205576
"No",0.8630906706257181,0.1369093293742819
"Yes",0.3465230877477258,0.6534769122522742
"No",0.9809180272924908,0.01908197270750919
"Yes",0.37709929321892754,0.6229007067810725
"No",0.9410844157860849,0.058915584213915066
"No",0.9837815031387165,0.016218496861283474
"No",0.8066686737079929,0.19333132629200708
"No",0.9825216711485045,0.01747832885149546
"No",0.9554463599449277,0.04455364005507234
"No",0.9151018093636363,0.08489819063636378
"No",0.9810021147741478,0.018997885225852256
"No",0.95220094040765,0.04779905959234995
"No",0.7619619325406768,0.23803806745932327
"No",0.9799264553956342,0.020073544604365796
"No",0.9432461898413207,0.05675381015867936
"No",0.9328561460767564,0.06714385392324358
"Yes",0.7451503007538063,0.2548496992461937
"No",0.9763932978838387,0.023606702116161383
"Yes",0.5687716175624313,0.43122838243756867
"Yes",0.3491085496945717,0.6508914503054283
"No",0.9863288229028259,0.013671177097174103
"Yes",0.4522161377309508,0.5477838622690492
"Yes",0.704485609810012,0.29551439018998804
"No",0.9716916739947565,0.0283083260052435
"No",0.7802385677761703,0.2197614322238297
"No",0.9850480001278491,0.014951999872150921
"Yes",0.5665596958891677,0.43344030411083234
"No",0.97546881488765,0.024531185112349984
"No",0.9698419169122503,0.030158083087749653
"Yes",0.7226097556203872,0.27739024437961285
"Yes",0.3114348809287495,0.6885651190712505
"Yes",0.37905313991199685,0.6209468600880031
"No",0.8460810228402764,0.1539189771597236
"No",0.9814945886401613,0.018505411359838714
"Yes",0.4219879097533875,0.5780120902466125
"No",0.9830639791061373,0.016936020893862674
"No",0.773443500084575,0.2265564999154251
"Yes",0.21907695897079194,0.7809230410292081
"No",0.8742080153010962,0.12579198469890382
"No",0.9858750046084699,0.014124995391530126
"No",0.8425383397127102,0.15746166028728986
"No",0.910281293453779,0.08971870654622104
"No",0.952286534833261,0.04771346516673898
"Yes",0.46644539827509746,0.5335546017249025
"No",0.75755798916804,0.24244201083196
"Yes",0.3540613841078598,0.6459386158921402
"No",0.9030534793661663,0.09694652063383365
"No",0.7742183145612687,0.2257816854387314
"Yes",0.5822699069758995,0.41773009302410047
"Yes",0.6179715773176755,0.38202842268232445
"No",0.8121835406775112,0.18781645932248878
"No",0.8006245413126234,0.19937545868737666
"Yes",0.5387822406111128,0.4612177593888872
"Yes",0.6720809088627299,0.32791909113727014
"Yes",0.31173692963724076,0.6882630703627592
"Yes",0.41641299710708257,0.5835870028929174
"Yes",0.6092247302867522,0.39077526971324783
"Yes",0.5255720004880992,0.47442799951190084
"Yes",0.3393867744000094,0.6606132255999906
"No",0.8182125953885461,0.18178740461145393
"Yes",0.35304022803050883,0.6469597719694912
"Yes",0.3962367577623559,0.6037632422376441
"No",0.7609505842111242,0.23904941578887587
"No",0.9156472924583714,0.08435270754162862
"Yes",0.4356570487987378,0.5643429512012622
"Yes",0.5398109291125133,0.46018907088748673
"No",0.8744852134347518,0.12551478656524817
"Yes",0.5854559384590503,0.41454406154094964
"No",0.786295681064355,0.213704318935645
"Yes",0.43645195424734584,0.5635480457526542
"No",0.8467401397693788,0.15325986023062124
"No",0.9844624556004069,0.015537544399593055
"No",0.9147573615108991,0.0852426384891009
"No",0.9648651346942207,0.035134865305779306
"Yes",0.6506591639222672,0.34934083607773275
"Yes",0.49939738367305975,0.5006026163269403
"No",0.914460639729684,0.08553936027031593
"No",0.9786081481348003,0.021391851865199596
"Yes",0.5623227567755178,0.4376772432244822
"Yes",0.32093003148967403,0.679069968510326
"Yes",0.6477340806278439,0.3522659193721561
"No",0.9502774368038751,0.049722563196124864
"No",0.9727499743719674,0.02725002562803254
"No",0.9176125698474058,0.08238743015259414
"No",0.9264387414328578,0.07356125856714224
"Yes",0.6536797511527246,0.3463202488472754
"No",0.91939930132251,0.08060069867748998
"No",0.9673489233819137,0.0326510766180863
"No",0.9370111087337842,0.06298889126621571
"No",0.8765569472204466,0.12344305277955339
"No",0.8938001439922342,0.10619985600776578
"Yes",0.10181833833816667,0.8981816616618333
"No",0.9684412956297067,0.03155870437029332
"No",0.8363104084730748,0.16368959152692517
"No",0.8991283036483756,0.10087169635162442
"Yes",0.7455984962519211,0.2544015037480789
"Yes",0.29598447507002934,0.7040155249299707
"No",0.9756093677747031,0.024390632225296947
"Yes",0.3049305499772854,0.6950694500227146
"Yes",0.5400059676541535,0.4599940323458465
"Yes",0.37985047745473377,0.6201495225452662
"Yes",0.16327271368319085,0.8367272863168091
"No",0.9765521733610028,0.023447826638997304
"Yes",0.321998654371356,0.678001345628644
"Yes",0.6010889195089357,0.39891108049106433
"Yes",0.6737839146321718,0.32621608536782826
"Yes",0.23311857864148489,0.7668814213585151
"Yes",0.37905313991199685,0.6209468600880031
"No",0.9723689611399733,0.02763103886002671
"No",0.878674920126947,0.12132507987305298
"Yes",0.4967197016655276,0.5032802983344724
"Yes",0.4108770970240093,0.5891229029759907
"No",0.9426024858582253,0.05739751414177476
"No",0.9727455125855705,0.02725448741442946
"No",0.9523724111319783,0.04762758886802161
"No",0.986930583193557,0.013069416806443019
"No",0.7639277504539457,0.2360722495460543
"Yes",0.17272475035536383,0.8272752496446362
"No",0.9453091451653522,0.05469085483464778
"No",0.8636393436965972,0.1363606563034028
"No",0.939895028573069,0.06010497142693109
"Yes",0.52870675479203,0.47129324520797
"No",0.8727733629895543,0.12722663701044568
"Yes",0.7497090204979345,0.25029097950206547
"No",0.948394073625375,0.051605926374625063
"No",0.9516160475408946,0.048383952459105393
"Yes",0.5278457395812468,0.47215426041875325
"Yes",0.6011308945964506,0.3988691054035494
"No",0.9657762762479095,0.03422372375209052
"Yes",0.7225859852571561,0.2774140147428439
"No",0.9002593563873219,0.09974064361267805
"Yes",0.38557618959867357,0.6144238104013264
"No",0.8062412255347408,0.19375877446525921
"Yes",0.7219548016581013,0.27804519834189867
"Yes",0.7472532428893923,0.2527467571106077
"No",0.9759535164033117,0.024046483596688217
"Yes",0.30568084870544976,0.6943191512945502
"Yes",0.4398850825058319,0.5601149174941681
"No",0.9234484271147488,0.07655157288525112
"Yes",0.3383434622479198,0.6616565377520802
"No",0.9795626323881697,0.020437367611830397
"No",0.9161457873484405,0.08385421265155941
"No",0.9853292658311746,0.014670734168825354
"No",0.9627520018335921,0.03724799816640788
"No",0.9858809351172863,0.014119064882713726
"No",0.7791826121784496,0.22081738782155033
"No",0.9082096494161465,0.09179035058385349
"No",0.7673241841706223,0.23267581582937766
"Yes",0.5825292140255183,0.4174707859744818
"No",0.9838460428890657,0.016153957110934297
"Yes",0.3794285718975041,0.6205714281024959
"No",0.98386850392165,0.01613149607834999
"Yes",0.698826300412112,0.30117369958788803
"Yes",0.3936905894332513,0.6063094105667487
"No",0.9195632459310834,0.08043675406891661
"No",0.7525340419488785,0.24746595805112148
"No",0.967243647895935,0.03275635210406498
"Yes",0.561805552354949,0.438194447645051
"No",0.9533305763536177,0.046669423646382296
"No",0.8042151602109394,0.1957848397890606
"Yes",0.3566533061655728,0.6433466938344272
"No",0.9709694079879779,0.029030592012022082
"No",0.9391361155006076,0.06086388449939235
"No",0.8298078192344251,0.17019218076557488
"No",0.9853142506191008,0.014685749380899175
"Yes",0.5383363075494019,0.46166369245059813
"No",0.978975140128485,0.02102485987151507
"Yes",0.6548071259580999,0.34519287404190013
"Yes",0.7436294062276043,0.25637059377239574
"No",0.9771113623519234,0.022888637648076533
"No",0.9346588351792784,0.06534116482072166
"No",0.7839819142974301,0.21601808570256986
"Yes",0.1410999417936739,0.8589000582063261
"No",0.8730688268631948,0.1269311731368052
"Yes",0.7228839042870686,0.2771160957129314
"No",0.8907183843917822,0.10928161560821784
"No",0.9290257738820255,0.07097422611797453
"No",0.8977527928308842,0.10224720716911587
"Yes",0.4134822571707266,0.5865177428292734
"No",0.8989935684017252,0.10100643159827487
"Yes",0.3014068294308755,0.6985931705691245
"Yes",0.39584081669512106,0.6041591833048789
"No",0.9860171988122347,0.013982801187765332
"Yes",0.2854055311395248,0.7145944688604752
"Yes",0.16923029189352268,0.8307697081064773
"No",0.9753140029411261,0.02468599705887388
"No",0.9370111087337842,0.06298889126621571
"Yes",0.7495641952485423,0.2504358047514576
"Yes",0.1343798061789322,0.8656201938210678
"No",0.9830639791061373,0.016936020893862674
"No",0.9685472549442871,0.03145274505571288
"No",0.8880343851759639,0.11196561482403615
"No",0.9628627165411412,0.03713728345885878
"Yes",0.42686407740229493,0.5731359225977051
"Yes",0.7139481957047525,0.28605180429524746
"Yes",0.3297841700434301,0.6702158299565699
"No",0.9739947190790121,0.02600528092098788
"Yes",0.4004401203184962,0.5995598796815038
"Yes",0.5185959327842643,0.4814040672157357
"Yes",0.4243014938715032,0.5756985061284968
"No",0.9668221507413782,0.033177849258621814
"No",0.7570812933314155,0.24291870666858445
"No",0.9521595883755523,0.04784041162444777
"Yes",0.2929884577558223,0.7070115422441777
"Yes",0.49728681162572064,0.5027131883742794
"No",0.8512677268629442,0.14873227313705586
"No",0.8101490003841811,0.18985099961581886
"Yes",0.6712357668308765,0.3287642331691235
"No",0.7971846730364591,0.2028153269635409
"Yes",0.5728735192997543,0.4271264807002458
"No",0.7825478668480684,0.2174521331519316
"No",0.9292755855675516,0.07072441443244838
"Yes",0.4656330399453771,0.5343669600546229
"Yes",0.7185788539328518,0.2814211460671482
"No",0.9619865156464601,0.03801348435353986
"Yes",0.7126408794213004,0.2873591205786996
"Yes",0.35394290856416266,0.6460570914358373
"No",0.9431706439144433,0.05682935608555676
"No",0.9814644355438508,0.018535564456149203
"No",0.8876751202618093,0.11232487973819075
"No",0.8789797907511994,0.12102020924880064
"No",0.9725777269897119,0.027422273010288108
"Yes",0.746973644411584,0.253026355588416
"Yes",0.7303852317480486,0.2696147682519514
"Yes",0.5452924651475619,0.4547075348524381
"Yes",0.39390887649693296,0.606091123503067
"No",0.9768752318898064,0.02312476811019364
"Yes",0.29926363723364613,0.7007363627663539
"No",0.9167861317424129,0.08321386825758713
"No",0.8469971568862313,0.15300284311376866
"Yes",0.7333733164293696,0.2666266835706303
"No",0.7873218952923455,0.21267810470765444
"No",0.8776732812055409,0.12232671879445911
"No",0.9371983507996595,0.06280164920034052
"Yes",0.5688666649810182,0.43113333501898177
"No",0.9806419280787749,0.01935807192122505
"Yes",0.5437444659976358,0.4562555340023642
"Yes",0.4960352954992341,0.5039647045007659
"No",0.7865459600201712,0.2134540399798288
"Yes",0.6864756068979647,0.31352439310203534
"No",0.8232147431470823,0.17678525685291765
"No",0.7868528743806356,0.2131471256193644
"Yes",0.7465969135836477,0.2534030864163524
"No",0.9723727637794598,0.027627236220540245
"No",0.9220963997611268,0.07790360023887324
"No",0.7697910546993321,0.230208945300668
"No",0.9004067244080152,0.09959327559198486
"Yes",0.4246002369813434,0.5753997630186566
"No",0.9751502641116303,0.02484973588836967
"No",0.9602313841005327,0.03976861589946731
"Yes",0.5732117045560392,0.42678829544396074
"Yes",0.508786952138574,0.49121304786142606
"No",0.8348817328539884,0.16511826714601163
"Yes",0.26703139257235864,0.7329686074276414
"Yes",0.5904159974077767,0.40958400259222333
"Yes",0.24330667851654741,0.7566933214834526
"Yes",0.5436323600694737,0.4563676399305263
"No",0.9170343205270208,0.0829656794729792
"Yes",0.28877245033794163,0.7112275496620584
"No",0.9736896649454597,0.02631033505454033
"Yes",0.6396636735043704,0.3603363264956297
"No",0.9766817247465365,0.023318275253463513
"Yes",0.7332436304980914,0.26675636950190856
"No",0.8155796333157885,0.18442036668421152
"No",0.789307953028187,0.21069204697181296
"No",0.8689065594963692,0.13109344050363078
"Yes",0.7357684970573075,0.26423150294269254
"Yes",0.6637776357398251,0.3362223642601749
"Yes",0.41256746852619386,0.5874325314738061
"No",0.9558884110603694,0.04411158893963064
"No",0.9794200414399512,0.020579958560048767
"No",0.9847581905138706,0.015241809486129384
"No",0.9072380685218514,0.09276193147814862
"No",0.8477647760080256,0.15223522399197437
"Yes",0.5821904655615617,0.41780953443843827
"No",0.9019098121295217,0.09809018787047824
"Yes",0.637335135268692,0.36266486473130793
"Yes",0.7460814821914066,0.25391851780859337
"No",0.8403850537797004,0.1596149462202996
"No",0.9413175247012782,0.05868247529872181
"No",0.8653669904714231,0.13463300952857693
"No",0.9012366725911598,0.09876332740884025
"No",0.7529160969425037,0.24708390305749633
"Yes",0.185243718434987,0.814756281565013
"No",0.9775004798937187,0.02249952010628136
"No",0.8732115767906053,0.12678842320939465
"Yes",0.5997899350567897,0.40021006494321026
"Yes",0.13265754262982998,0.86734245737017
"No",0.9857053209580559,0.014294679041944106
"Yes",0.6050442566171459,0.3949557433828541
"No",0.9451252209906432,0.05487477900935673
"No",0.9718062470558357,0.02819375294416425
"No",0.9185036574636413,0.08149634253635878
"No",0.9833962633421028,0.016603736657897192
"No",0.9832360681251368,0.016763931874863275
"No",0.8907934621631719,0.10920653783682807
"Yes",0.7470112816558256,0.2529887183441743
"No",0.9694664021047004,0.030533597895299656
"No",0.8905248062286499,0.10947519377135007
"Yes",0.2592024406855056,0.7407975593144944
"Yes",0.6298776987427421,0.3701223012572579
"Yes",0.4411613072684485,0.5588386927315515
"Yes",0.5343127230352555,0.46568727696474455
"Yes",0.6506791821679048,0.3493208178320953
"No",0.8115582481430439,0.18844175185695614
"No",0.8685815528507086,0.13141844714929143
"No",0.7842459939216909,0.2157540060783091
"Yes",0.4448037129705832,0.5551962870294168
"Yes",0.7499959104531286,0.2500040895468714
"Yes",0.5917179438313216,0.40828205616867835
"No",0.7534316040146706,0.24656839598532945
"Yes",0.41887008628578504,0.581129913714215
"No",0.9305841029430135,0.06941589705698653
"No",0.929670607753787,0.07032939224621303
"No",0.8428789898017847,0.15712101019821534
"No",0.9426671620400517,0.05733283795994824
"No",0.9347563830720488,0.06524361692795126
"Yes",0.7122486545556235,0.28775134544437647
"No",0.9412562532896709,0.05874374671032917
"No",0.8061242870694374,0.19387571293056258
"No",0.7566865118611734,0.24331348813882664
"Yes",0.46504873362849297,0.534951266371507
"No",0.9614591764719712,0.03854082352802884
"No",0.8700951538917895,0.12990484610821051
"Yes",0.24339630034798831,0.7566036996520117
"Yes",0.3603988147456635,0.6396011852543365
"Yes",0.5142282050066205,0.4857717949933796
"Yes",0.4127680726842742,0.5872319273157258
"Yes",0.38084553079216354,0.6191544692078365
"No",0.8678818872583429,0.13211811274165702
"Yes",0.17775575129924748,0.8222442487007525
"Yes",0.37477275715292646,0.6252272428470735
"No",0.8648321431439483,0.13516785685605176
"Yes",0.7086444998332077,0.29135550016679235
"No",0.9414593063433152,0.05854069365668483
"No",0.952344946708594,0.047655053291406
"Yes",0.5999523321667635,0.40004766783323653
"No",0.9718412004367261,0.028158799563273964
"No",0.9819726659280315,0.018027334071968507
"Yes",0.2733108210245908,0.7266891789754092
"Yes",0.6395330330162373,0.3604669669837627
"No",0.9669337133669382,0.033066286633061756
"Yes",0.6094038553510335,0.3905961446489666
"Yes",0.6734667194706518,0.3265332805293482
"No",0.9358438203758772,0.06415617962412282
"Yes",0.46910935011238686,0.5308906498876131
"No",0.904927493290246,0.09507250670975397
"Yes",0.4088974112306556,0.5911025887693444
"Yes",0.6654663152169824,0.33453368478301754
"No",0.9697751039708721,0.030224896029127892
"Yes",0.48412776139147584,0.5158722386085242
"No",0.9530677066898214,0.046932293310178584
"No",0.9719615674630814,0.02803843253691862
"No",0.934340156726021,0.06565984327397897
"Yes",0.5908310043778646,0.4091689956221354
"Yes",0.21353595281474425,0.7864640471852558
"No",0.820602602483342,0.17939739751665792
"No",0.9032137783137858,0.09678622168621416
"Yes",0.6443623207927544,0.35563767920724565
"No",0.9856213231300426,0.01437867686995742
"No",0.9590184358853799,0.04098156411462006
"No",0.9762615037618265,0.023738496238173517
"No",0.8756515673290112,0.1243484326709888
"No",0.9658851915988196,0.03411480840118044
"No",0.9743855456222491,0.025614454377750888
"No",0.7697259729212265,0.2302740270787736
"Yes",0.28978062966124085,0.7102193703387591
"No",0.9499043483498667,0.050095651650133285
"No",0.94764020301784,0.05235979698216001
"No",0.9073777074189365,0.09262229258106346
"Yes",0.3336992123314674,0.6663007876685326
"No",0.7626524934202891,0.23734750657971093
"Yes",0.2402425169741269,0.7597574830258731
"Yes",0.3092519484775246,0.6907480515224754
"Yes",0.33346499342268576,0.6665350065773142
"Yes",0.6929974460080242,0.30700255399197585
"No",0.9662241264345056,0.03377587356549437
"No",0.978986300929086,0.021013699070913987
"Yes",0.7176677244742936,0.2823322755257064
"Yes",0.5666918599648253,0.4333081400351747
"Yes",0.4436784056930858,0.5563215943069142
"No",0.9818315512539572,0.018168448746042874
"No",0.9441216016070109,0.05587839839298914
"Yes",0.6749377357038168,0.32506226429618323
"No",0.9357514105452257,0.0642485894547743
"No",0.9646929954615998,0.03530700453840023
"Yes",0.28038262146005755,0.7196173785399425
"No",0.9305671609658597,0.06943283903414034
"No",0.8539035901603025,0.14609640983969754
"No",0.861794182219479,0.13820581778052102
"Yes",0.7262296103444394,0.27377038965556055
"No",0.9607784354880615,0.03922156451193849
"Yes",0.6782061586608585,0.32179384133914146
"No",0.8925110184672239,0.10748898153277613
"No",0.9856099804577378,0.014390019542262105
"No",0.9115432475996676,0.08845675240033235
"Yes",0.7305476979306861,0.2694523020693139
"Yes",0.6295395219096332,0.37046047809036675
"Yes",0.6243988531308939,0.3756011468691061
"Yes",0.6569566868220358,0.3430433131779642
"No",0.8903736945759089,0.1096263054240911
"Yes",0.5994097366131206,0.40059026338687936
"No",0.8030873727983304,0.19691262720166958
"No",0.7900423526518069,0.2099576473481931
"Yes",0.3291380864704675,0.6708619135295325
"No",0.9835516193156932,0.01644838068430678
"No",0.763590698803831,0.23640930119616904
"No",0.8646181839971182,0.13538181600288177
"No",0.8162499265251917,0.18375007347480832
"No",0.9207726824171563,0.07922731758284376
"Yes",0.5800987127321955,0.41990128726780457
"No",0.9646749943178194,0.035325005682180576
"Yes",0.3164069821380816,0.6835930178619184
"Yes",0.5513450301419829,0.44865496985801717
"Yes",0.41067509144066017,0.5893249085593398
"No",0.9032915967625758,0.09670840323742422
"No",0.9072380685218514,0.09276193147814862
"No",0.758178641813661,0.24182135818633899
"Yes",0.587550699948673,0.4124493000513269
"No",0.9577553949323171,0.04224460506768291
"No",0.9324578146387223,0.0675421853612776
"No",0.9718412004367261,0.028158799563273964
"No",0.8884178581133424,0.11158214188665759
"No",0.9611243309864417,0.03887566901355829
"Yes",0.4360560678241421,0.5639439321758579
"Yes",0.47175611063043477,0.5282438893695652
"Yes",0.610601521144456,0.3893984788555441
"Yes",0.680787864203652,0.319212135796348
"No",0.7813619903952903,0.2186380096047097
"No",0.7690562376639398,0.23094376233606015
"No",0.8839956388440295,0.11600436115597046
"Yes",0.299149784443108,0.700850215556892
"Yes",0.5225053844379384,0.47749461556206163
"No",0.9770870708656355,0.022912929134364518
"Yes",0.1638325045558976,0.8361674954441024
"No",0.9847581905138706,0.015241809486129384
"Yes",0.18731459256793448,0.8126854074320655
"No",0.9743729954983009,0.025627004501699132
"Yes",0.49622839938899466,0.5037716006110053
"Yes",0.29279690316495244,0.7072030968350476
"No",0.8842829859027229,0.11571701409727712
"Yes",0.3618018576831906,0.6381981423168094
"Yes",0.6525739277672518,0.3474260722327483
"Yes",0.18094726141261497,0.819052738587385
"Yes",0.46249438015130784,0.5375056198486922
"Yes",0.7410397750959993,0.2589602249040007
"No",0.9813432462923107,0.018656753707689315
"Yes",0.34681708821670376,0.6531829117832962
"Yes",0.6813075652879286,0.31869243471207137
"No",0.9811171534134916,0.018882846586508427
"Yes",0.7336444200076173,0.2663555799923827
"No",0.9867622974789124,0.013237702521087599
"No",0.9716916739947565,0.0283083260052435
"No",0.9673333062088719,0.03266669379112812
"Yes",0.6576855637423333,0.3423144362576666
"No",0.9611418869972033,0.038858113002796735
"No",0.9092079883568728,0.0907920116431272
"No",0.979269965172086,0.02073003482791398
"Yes",0.7460956257844615,0.2539043742155384
"No",0.970897291307541,0.029102708692458994
"No",0.9197634880093016,0.08023651199069841
"No",0.967372086490685,0.032627913509314994
"Yes",0.5610046260115041,0.43899537398849586
"Yes",0.4575979826814598,0.5424020173185402
"No",0.8328734905760282,0.16712650942397178
"No",0.7870309807513091,0.2129690192486909
"Yes",0.7435079086444347,0.25649209135556533
"No",0.9153011595206831,0.08469884047931689
"No",0.7722159295249835,0.22778407047501648
"Yes",0.25593951013116323,0.7440604898688368
"No",0.8336708570739204,0.16632914292607956
"No",0.8845297782028629,0.11547022179713709
"No",0.9279236233302809,0.07207637666971911
"Yes",0.5556306647127496,0.44436933528725037
"No",0.8158944087808891,0.18410559121911088
"Yes",0.562753686754241,0.437246313245759
"Yes",0.5060055970068638,0.49399440299313624
"No",0.9707927217935763,0.029207278206423617
"Yes",0.20499426664758746,0.7950057333524125
"No",0.9394999999195606,0.06050000008043945
"No",0.9766202179128756,0.023379782087124393
"No",0.9420816805608937,0.05791831943910628
"No",0.9781756370598477,0.021824362940152296
"No",0.9709694079879779,0.029030592012022082
"No",0.9671522305159256,0.032847769484074425
"No",0.8986816256994489,0.10131837430055111
"Yes",0.37639536267907503,0.623604637320925
"No",0.8825002527657613,0.11749974723423871
"No",0.982962392833619,0.017037607166380992
"No",0.9355756710095431,0.0644243289904569
"No",0.9632573962299776,0.03674260377002232
"Yes",0.5441341666500635,0.45586583334993647
"Yes",0.559084858668758,0.44091514133124204
"No",0.9842245948291549,0.015775405170845053
"No",0.9524103009097799,0.04758969909022018
"No",0.8522863534132405,0.1477136465867594
"No",0.9722398266534376,0.027760173346562445
"Yes",0.4064856511926317,0.5935143488073683
"Yes",0.6079223988927813,0.39207760110721873
"No",0.9415387366958445,0.05846126330415547
"Yes",0.6697234665996971,0.33027653340030294
"No",0.9362041317595962,0.06379586824040388
"No",0.9048955290069554,0.09510447099304466
"Yes",0.5455038129219995,0.45449618707800055
"No",0.9613608637264389,0.03863913627356113
"Yes",0.5637248061203712,0.4362751938796287
"Yes",0.6051808448757576,0.3948191551242424
"No",0.7707780347381833,0.22922196526181673
"No",0.9843092308263108,0.01569076917368912
"Yes",0.5359888840686133,0.4640111159313867
"Yes",0.4265875246030655,0.5734124753969345
"Yes",0.29328610090832596,0.706713899091674
"Yes",0.36593257234029697,0.634067427659703
"No",0.954016233999214,0.045983766000786054
"Yes",0.34039461580354824,0.6596053841964518
"Yes",0.403381566818809,0.596618433181191
"No",0.9651471299600604,0.03485287003993962
"Yes",0.5920633596060325,0.4079366403939675
"Yes",0.31719086453622014,0.6828091354637799
"Yes",0.29286838149925465,0.7071316185007454
"No",0.7576326460266615,0.2423673539733385
"Yes",0.5295404582029911,0.4704595417970089
"Yes",0.7448749950743543,0.25512500492564566
"Yes",0.7380873592372157,0.26191264076278437
"No",0.9697836625882853,0.030216337411714683
"No",0.8857185485577813,0.11428145144221867
"No",0.9689692456862822,0.031030754313717834
"Yes",0.5017331087542145,0.49826689124578555
"Yes",0.43515181034304873,0.5648481896569513
"No",0.8502624779174027,0.1497375220825973
"Yes",0.6911477433800246,0.30885225661997534
"No",0.9745806545784591,0.02541934542154088
"Yes",0.5035843792981014,0.4964156207018986
"No",0.8686453728362447,0.13135462716375532
"Yes",0.7319868281606967,0.26801317183930323
"No",0.9176710621332727,0.08232893786672739
"No",0.9305250626443733,0.06947493735562671
"No",0.9221181569668581,0.07788184303314195
"No",0.8049266209421775,0.1950733790578225
"No",0.8396804316277735,0.16031956837222655
"No",0.9072380685218514,0.09276193147814862
"Yes",0.6585220535958384,0.3414779464041616
"No",0.9625491621188201,0.0374508378811799
"No",0.7549647212409332,0.2450352787590669
"No",0.8658636904521554,0.13413630954784458
"Yes",0.4990036033212617,0.5009963966787383
"No",0.9830899501859822,0.016910049814017773
"No",0.889178639009797,0.11082136099020302
"Yes",0.6984644756173508,0.3015355243826492
"No",0.8347593304222499,0.1652406695777501
"Yes",0.37787802297452777,0.6221219770254722
"Yes",0.3114348809287495,0.6885651190712505
"No",0.8761111368315643,0.1238888631684357
"Yes",0.7369692008426612,0.26303079915733885
"Yes",0.6855691144598831,0.3144308855401169
"Yes",0.43682244043925667,0.5631775595607433
"No",0.7570812933314155,0.24291870666858445
"Yes",0.6670772724853675,0.3329227275146324
"No",0.9249153082647472,0.07508469173525284
"No",0.8925598359354634,0.1074401640645366
"No",0.9077633579390907,0.09223664206090934
"Yes",0.29598447507002934,0.7040155249299707
"Yes",0.42439654736123233,0.5756034526387677
"No",0.9515922260461596,0.048407773953840494
"Yes",0.7155760178368118,0.28442398216318815
"No",0.9854264386944812,0.014573561305518835
"No",0.8170952273997626,0.18290477260023738
"Yes",0.1687503806755838,0.8312496193244162
"No",0.8793444237314137,0.12065557626858626
"No",0.9422859656094854,0.05771403439051461
"No",0.9791085140138519,0.020891485986148137
"No",0.9017004969862447,0.09829950301375533
"No",0.97815637991963,0.021843620080370014
"No",0.9279293039193388,0.07207069608066122
"Yes",0.7334044205128096,0.2665955794871903
"No",0.9254790558909693,0.07452094410903065
"Yes",0.16386637925326453,0.8361336207467355
"No",0.9614417905220828,0.03855820947791718
"No",0.9360459206762474,0.06395407932375259
"No",0.9848521184672787,0.015147881532721248
"No",0.9718277424816109,0.028172257518389157
"No",0.9647795617812936,0.03522043821870631
"Yes",0.4972014375045156,0.5027985624954844
"Yes",0.6115318655488402,0.38846813445115985
"No",0.7714934884693014,0.22850651153069856
"No",0.9393269557285419,0.06067304427145818
"No",0.7704296724779136,0.2295703275220864
"Yes",0.6733457622777167,0.3266542377222833
"No",0.9759203249674853,0.024079675032514757
"No",0.9836965286843881,0.016303471315611957
"Yes",0.38709928641756985,0.6129007135824301
"No",0.9145616202187433,0.08543837978125665
"Yes",0.35014328627551705,0.649856713724483
"No",0.850586962615596,0.149413037384404
"No",0.9614000671887,0.03859993281130002
"No",0.8071216853493021,0.1928783146506979
"No",0.9487346400239736,0.05126535997602646
"Yes",0.5884231153845165,0.4115768846154835
"No",0.9521373316913455,0.04786266830865449
"Yes",0.5224707334103552,0.4775292665896448
"No",0.9232486022817498,0.07675139771825028
"No",0.9747771080709026,0.0252228919290974
"No",0.9831737052019864,0.016826294798013605
"No",0.9770596632297843,0.0229403367702157
"No",0.778443653050712,0.22155634694928808
"Yes",0.2587789699195635,0.7412210300804365
"Yes",0.38187607678041136,0.6181239232195886
"Yes",0.4258459829532476,0.5741540170467524
"No",0.9835820473285858,0.016417952671414184
"No",0.9011422934936539,0.09885770650634608
"Yes",0.6247667532336987,0.37523324676630126
"Yes",0.25600425057047804,0.743995749429522
"No",0.8225920894958699,0.1774079105041301
"Yes",0.35759192937635786,0.6424080706236421
"Yes",0.6711001712321081,0.3288998287678919
"Yes",0.5893210531216415,0.41067894687835843
"Yes",0.6496376095346648,0.3503623904653353
"Yes",0.6461083625662896,0.35389163743371044
"No",0.9797073714150404,0.020292628584959664
"Yes",0.36584580020472124,0.6341541997952788
"No",0.9654813891768126,0.0345186108231874
"No",0.9217509453793284,0.07824905462067154
"Yes",0.4831676726103332,0.5168323273896668
"No",0.8679276337928395,0.13207236620716048
"No",0.9146344871536094,0.08536551284639055
"Yes",0.22440089839451494,0.7755991016054851
"Yes",0.7050749937651264,0.2949250062348736
"Yes",0.44824081046547526,0.5517591895345247
"Yes",0.5983589509770623,0.40164104902293774
"No",0.7943432586323114,0.20565674136768858
"No",0.9856989004737656,0.014301099526234418
"No",0.9190776687817053,0.08092233121829467
"No",0.8650448386273321,0.13495516137266791
"No",0.9810801311344977,0.018919868865502336
"No",0.9809082413763014,0.019091758623698597
"Yes",0.34285494614744083,0.6571450538525592
"No",0.9227322383239788,0.07726776167602124
"No",0.9610359820084919,0.038964017991508115
"Yes",0.6466300517683461,0.35336994823165396
"No",0.9653057326447779,0.03469426735522204
"No",0.9817572375330644,0.018242762466935517
"Yes",0.5123523976607153,0.4876476023392847
"Yes",0.5468025009470787,0.45319749905292134
"No",0.9861450192718229,0.013854980728177096
"Yes",0.44256389542468044,0.5574361045753196
"Yes",0.2050311218955787,0.7949688781044213
"No",0.9514965552131179,0.04850344478688205
"Yes",0.21168327257840625,0.7883167274215938
"No",0.9231585727762959,0.07684142722370414
"No",0.9692069900116601,0.030793009988339944
"Yes",0.41265763391477406,0.5873423660852259
"Yes",0.7011377561896883,0.2988622438103116
"No",0.982855172451794,0.01714482754820604
"No",0.8068441157999106,0.19315588420008947
"Yes",0.18963455525455009,0.8103654447454499
"No",0.9250967448950567,0.07490325510494328
"No",0.968693501335724,0.03130649866427602
"Yes",0.6662555964002788,0.3337444035997213
"No",0.7620576500735544,0.23794234992644556
"No",0.9083411151006332,0.0916588848993668
"No",0.805172076478951,0.194827923521049
"Yes",0.17102927282860636,0.8289707271713936
"No",0.8277389277840305,0.17226107221596954
"No",0.8353464136996918,0.1646535863003083
"No",0.8471507478843014,0.15284925211569853
"Yes",0.5401811167327486,0.45981888326725134
"No",0.8362647344015203,0.1637352655984797
"Yes",0.6079714052768772,0.39202859472312285
"No",0.886311670293458,0.11368832970654201
"Yes",0.3506522857781833,0.6493477142218167
"No",0.8116565504183639,0.18834344958163612
"Yes",0.48314776383099867,0.5168522361690013
"Yes",0.5562786396672298,0.4437213603327702
"No",0.8190600944559933,0.1809399055440067
"Yes",0.5981601229196111,0.40183987708038893
"No",0.9345864633800341,0.06541353661996584
"No",0.9822813279322847,0.017718672067715296
"No",0.9772937541840648,0.02270624581593512
"Yes",0.5334103911045807,0.4665896088954193
"Yes",0.551465809864399,0.4485341901356011
"Yes",0.16336554519539792,0.8366344548046021
"Yes",0.2795999134724787,0.7204000865275213
"No",0.9835820473285858,0.016417952671414184
"No",0.9848472408850679,0.01515275911493211
"Yes",0.45525462464540367,0.5447453753545963
"No",0.8389244051853414,0.16107559481465863
"Yes",0.7199434772322669,0.2800565227677331
"Yes",0.5892792976459329,0.41072070235406716
"Yes",0.7367959679362213,0.2632040320637787
"No",0.917413974779457,0.08258602522054308
"No",0.8999411360414091,0.10005886395859084
"Yes",0.3034261641751621,0.6965738358248379
"Yes",0.43889837215800553,0.5611016278419945
"No",0.9732759352859176,0.026724064714082344
"No",0.9098500186840113,0.09014998131598874
"Yes",0.643314172254476,0.35668582774552404
"No",0.9735538235129959,0.02644617648700405
"No",0.8749428234477676,0.12505717655223234
"Yes",0.21676179990564504,0.783238200094355
"Yes",0.632335316483086,0.367664683516914
"No",0.9837583333695156,0.016241666630484434
"Yes",0.20298418108479654,0.7970158189152035
"No",0.9340590507995093,0.06594094920049068
"No",0.9839707295874606,0.016029270412539477
"No",0.9561915775078904,0.043808422492109575
"Yes",0.24353762154849623,0.7564623784515038
"Yes",0.6916792907238547,0.3083207092761453
"No",0.874050894534064,0.12594910546593596
"No",0.9624484364718925,0.03755156352810751
"No",0.830669280528288,0.16933071947171194
"Yes",0.6954139697843742,0.30458603021562586
"No",0.9592634304675176,0.04073656953248245
"No",0.9070724949225244,0.09292750507747558
"No",0.8870418373370063,0.11295816266299379
"Yes",0.3300822025764065,0.6699177974235935
"No",0.9411607586569486,0.058839241343051386
"Yes",0.5348444224707666,0.4651555775292334
"Yes",0.5825656533971144,0.41743434660288564
"Yes",0.5529992101729381,0.44700078982706193
"Yes",0.7016685723822522,0.2983314276177477
"No",0.9845120854791148,0.015487914520885201
"No",0.984716861126711,0.01528313887328902
"Yes",0.42371571867603186,0.5762842813239681
"Yes",0.7452780788863633,0.25472192111363673
"No",0.9687373173856709,0.03126268261432906
"No",0.7872016639890598,0.21279833601094028
"No",0.9096043763157756,0.09039562368422437
"Yes",0.7122487534967318,0.2877512465032682
"Yes",0.7304843293168709,0.2695156706831291
"No",0.8546647353141448,0.14533526468585528
"No",0.9423798359757829,0.05762016402421714
"Yes",0.5034577798576668,0.4965422201423332
"Yes",0.3470965048781647,0.6529034951218353
"Yes",0.6561826431839559,0.34381735681604414
"No",0.8541900167613276,0.14580998323867247
"Yes",0.7125897749860997,0.2874102250139003
"Yes",0.3924703375188221,0.6075296624811779
"No",0.9631318435833143,0.03686815641668575
"No",0.9719615674630814,0.02803843253691862
"No",0.8383369367482019,0.16166306325179816
"Yes",0.18731459256793448,0.8126854074320655
"Yes",0.21570587310134537,0.7842941268986546
"Yes",0.26893668463250775,0.7310633153674923
"No",0.9296927949989714,0.07030720500102858
"No",0.9260082726016478,0.07399172739835223
"Yes",0.6306187106978688,0.3693812893021312
"No",0.9416626911420389,0.05833730885796107
"No",0.9003139985097967,0.09968600149020339
"Yes",0.40297828436215366,0.5970217156378463
"Yes",0.5893097008244432,0.4106902991755567
"Yes",0.2909009051867444,0.7090990948132556
"No",0.8991524917241799,0.10084750827582015
"No",0.9854264839227326,0.014573516077267467
"No",0.9467042264745414,0.05329577352545851
"Yes",0.7054982838649246,0.2945017161350753
"Yes",0.4738080683191367,0.5261919316808633
"Yes",0.5917179438313216,0.40828205616867835
"Yes",0.40641088071516485,0.5935891192848352
"Yes",0.2666665528301464,0.7333334471698536
"No",0.8488064340709112,0.1511935659290888
"No",0.987175290033468,0.012824709966532006
"Yes",0.45187929338146504,0.548120706618535
"No",0.9687654177940985,0.031234582205901428
"No",0.983208878451571,0.016791121548428954
"No",0.7741104729661522,0.22588952703384782
"No",0.9756164047263823,0.024383595273617664
"No",0.7705127444002802,0.22948725559971983
"No",0.9837557444541309,0.016244255545869002
"Yes",0.4707812884667618,0.5292187115332382
"No",0.9037062241339578,0.09629377586604213
"No",0.8994141371246666,0.1005858628753334
"Yes",0.7085156747948609,0.29148432520513906
"No",0.9033767682503856,0.0966232317496144
"No",0.9110893139403416,0.08891068605965835
"Yes",0.6793606343697256,0.32063936563027445
"No",0.7850529431271518,0.21494705687284818
"Yes",0.6697234665996971,0.33027653340030294
"Yes",0.30901048158701394,0.6909895184129861
"No",0.9850429559813031,0.014957044018696889
"No",0.9724145687964201,0.0275854312035799
"No",0.7570812933314155,0.24291870666858445
"Yes",0.18585977219064476,0.8141402278093552
"No",0.9247961069939651,0.07520389300603496
"No",0.9673432093210257,0.032656790678974305
"Yes",0.6090388841241362,0.3909611158758638
"No",0.9783228243606643,0.021677175639335723
"Yes",0.6940853301365646,0.30591466986343546
"Yes",0.7057311646815851,0.2942688353184148
"No",0.9161576474448242,0.08384235255517578
"Yes",0.30540780752620633,0.6945921924737937
"Yes",0.3545188819354741,0.6454811180645259
"No",0.8867088841202442,0.11329111587975582
"Yes",0.7075509715162014,0.29244902848379856
"No",0.939971333945051,0.06002866605494908
"No",0.969253966197469,0.030746033802531027
"Yes",0.2801114506220521,0.7198885493779479
"No",0.9035013090327698,0.09649869096723018
"No",0.9106082668447781,0.08939173315522192
"No",0.9418738107023286,0.05812618929767146
"Yes",0.715993925559989,0.28400607444001097
"Yes",0.6593310214449056,0.34066897855509437
"No",0.8428057701316487,0.15719422986835124
"No",0.9452105259759938,0.05478947402400629
"No",0.7803533766249993,0.2196466233750008
"No",0.9273855730776372,0.07261442692236277
"No",0.9771599703310923,0.022840029668907726
"No",0.8877997760501424,0.11220022394985767
"Yes",0.5800683947962728,0.4199316052037272
"Yes",0.5337577313813215,0.4662422686186784
"Yes",0.48314776383099867,0.5168522361690013
"No",0.7570812933314155,0.24291870666858445
"Yes",0.6813188600980056,0.31868113990199437
"Yes",0.33526087029173035,0.6647391297082696
"Yes",0.5868555228356735,0.4131444771643265
"No",0.9671885373846086,0.03281146261539138
"No",0.8628131127086025,0.1371868872913975
"No",0.8241229853127032,0.17587701468729677
"Yes",0.6760250685252993,0.3239749314747007
"No",0.9170492113987045,0.08295078860129547
